spec,component,beta_std,se_cluster,p_value,q_bh,ci95_low,ci95_high,n,clusters,r_squared
strict_no_covid_2020_2022,cstp1_lag1,0.002993990627997931,0.008291207848133761,0.7192490689214521,0.8734612503121556,-0.013579897702225069,0.01956787895822093,504,63,0.2971212855709432
strict_no_covid_2020_2022,cstp2_lag1,-0.012680127827725134,0.012570942718721861,0.3170459782693032,0.781700273170243,-0.03780908426470828,0.012448828609258014,504,63,0.2971212855709432
strict_no_covid_2020_2022,cstp3_lag1,0.008076913823067819,0.009346927926322891,0.3908501365851215,0.781700273170243,-0.010607328873415504,0.02676115651955114,504,63,0.2971212855709432
strict_no_covid_2020_2022,cstp4_lag1,-0.020460691825205282,0.014680841511845679,0.1683839186411628,0.5612797288038761,-0.049807275853466046,0.008885892203055478,504,63,0.2971212855709432
strict_no_covid_2020_2022,cstp5_lag1,0.033159957047985536,0.011823477935637003,0.006719624814985692,0.06719624814985692,0.009525161422374556,0.056794752673596516,504,63,0.2971212855709432
strict_no_covid_2020_2022,cstp6_lag1,-0.010780980328750895,0.006837161978183807,0.11992592434148806,0.5612797288038761,-0.024448272380483915,0.0028863117229821263,504,63,0.2971212855709432
strict_no_covid_2020_2022,cstp7_lag1,0.006534797881728311,0.014250572601148181,0.6481508143760449,0.8734612503121556,-0.021951690849383174,0.0350212866128398,504,63,0.2971212855709432
strict_no_covid_2020_2022,cstp8_lag1,0.0033469025723519234,0.012280563614149805,0.7861151252809401,0.8734612503121556,-0.021201594305450024,0.027895399450153874,504,63,0.2971212855709432
strict_no_covid_2020_2022,cstp9_lag1,0.006943008390604254,0.011295278957118267,0.5410139126612361,0.8734612503121556,-0.01563593252162165,0.02952194930283016,504,63,0.2971212855709432
strict_no_covid_2020_2022,cstp10_lag1,0.0005270113973954438,0.009879850141690044,0.9576308875326656,0.9576308875326657,-0.019222527628401147,0.020276550423192034,504,63,0.2971212855709432
contemporaneous_10,cstp1,-0.002357143531965424,0.006611492308851246,0.7226600258847387,0.9033250323559233,-0.015573328342444315,0.010859041278513467,756,63,0.24570174441050674
contemporaneous_10,cstp2,-0.0031368956038411483,0.005624139880240813,0.5790196866031975,0.9033250323559233,-0.01437939103225405,0.008105599824571754,756,63,0.24570174441050674
contemporaneous_10,cstp3,-0.004122631397311487,0.0059191625382968,0.4887257247504363,0.9033250323559233,-0.015954868716057787,0.007709605921434812,756,63,0.24570174441050674
contemporaneous_10,cstp4,0.007531926866416952,0.008622430088310283,0.385746684173686,0.9033250323559233,-0.009704065287726904,0.02476791902056081,756,63,0.24570174441050674
contemporaneous_10,cstp5,-8.395726785370857e-05,0.01148520171227699,0.9941909556793959,0.994190955679396,-0.0230425483580784,0.022874633822370986,756,63,0.24570174441050674
contemporaneous_10,cstp6,-0.008331685471186161,0.006670534136012062,0.2163500639588352,0.9033250323559233,-0.021665893212473135,0.00500252227010081,756,63,0.24570174441050674
contemporaneous_10,cstp7,-0.0058384102815101,0.011381895323371582,0.6098050861003226,0.9033250323559233,-0.028590494842785315,0.01691367427976511,756,63,0.24570174441050674
contemporaneous_10,cstp8,0.0012829181372408707,0.006377970013742088,0.8412410311681194,0.934712256853466,-0.011466462256722551,0.014032298531204293,756,63,0.24570174441050674
contemporaneous_10,cstp9,0.012506615860220912,0.011433140309723751,0.2782343397605776,0.9033250323559233,-0.010347905969163051,0.035361137689604874,756,63,0.24570174441050674
contemporaneous_10,cstp10,0.003522580596581501,0.009653038988396584,0.7164134738623689,0.9033250323559233,-0.01577356939403597,0.022818730587198972,756,63,0.24570174441050674
long_2011_2024_lag9,cstp1_lag1,0.011637575771327579,0.007491789547937929,0.12542315105262988,0.3112127584105131,-0.0033382981466087147,0.026613449689263872,882,63,0.35664929654782573
long_2011_2024_lag9,cstp2_lag1,-0.009866480273414118,0.005878622353936688,0.09830976731269725,0.3112127584105131,-0.02161767891832927,0.0018847183715010353,882,63,0.35664929654782573
long_2011_2024_lag9,cstp3_lag1,-0.0028689643652224975,0.006855162090400253,0.6770193571416474,0.6770193571416474,-0.016572238128579598,0.010834309398134604,882,63,0.35664929654782573
long_2011_2024_lag9,cstp4_lag1,-0.00937289112554208,0.0062425838890328945,0.1383167815157836,0.3112127584105131,-0.021851638512410294,0.003105856261326135,882,63,0.35664929654782573
long_2011_2024_lag9,cstp5_lag1,0.011697412066638251,0.007042223841467652,0.1017547678532311,0.3112127584105131,-0.002379792809028969,0.02577461694230547,882,63,0.35664929654782573
long_2011_2024_lag9,cstp7_lag1,0.007991930935363285,0.011260770601117118,0.48054200059042523,0.5406097506642283,-0.014518028756116675,0.030501890626843244,882,63,0.35664929654782573
long_2011_2024_lag9,cstp8_lag1,0.006437106207459727,0.008648257995579549,0.45949236526346215,0.5406097506642283,-0.01085051519765997,0.023724727612579426,882,63,0.35664929654782573
long_2011_2024_lag9,cstp9_lag1,0.007216576704729762,0.008793023343176066,0.41495240027344127,0.5406097506642283,-0.010360426506888811,0.024793579916348337,882,63,0.35664929654782573
long_2011_2024_lag9,cstp10_lag1,0.009185923093872216,0.007602626215195192,0.23153698022162977,0.4167665643989336,-0.006011510164954253,0.024383356352698685,882,63,0.35664929654782573
winsorized_outcome_1pct,cstp1_lag1,0.006662203992530219,0.007252077607553505,0.3618328977501926,0.6030548295836543,-0.007834492584284806,0.021158900569345246,693,63,0.3099228812349232
winsorized_outcome_1pct,cstp2_lag1,-0.009342631200032665,0.0072843375479054485,0.20441922495616802,0.4307397514299317,-0.023903814478752422,0.005218552078687093,693,63,0.3099228812349232
winsorized_outcome_1pct,cstp3_lag1,0.0009200661824485401,0.005985344975897473,0.8783299065949897,0.8783299065949898,-0.011044467943989344,0.012884600308886423,693,63,0.3099228812349232
winsorized_outcome_1pct,cstp4_lag1,-0.016014619791538776,0.007899993663023235,0.04695019460772617,0.1945273528281073,-0.031806482108666406,-0.00022275747441114283,693,63,0.3099228812349232
winsorized_outcome_1pct,cstp5_lag1,0.034158496518315234,0.008451939869695717,0.0001490530696582939,0.001490530696582939,0.01726330945511469,0.05105368358151578,693,63,0.3099228812349232
winsorized_outcome_1pct,cstp6_lag1,-0.009988356725011508,0.005178988207034828,0.05835820584843218,0.1945273528281073,-0.020341006637925898,0.0003642931879028824,693,63,0.3099228812349232
winsorized_outcome_1pct,cstp7_lag1,-0.002418407550633543,0.009203881488742361,0.7936071156094411,0.8783299065949898,-0.020816704492780294,0.015979889391513208,693,63,0.3099228812349232
winsorized_outcome_1pct,cstp8_lag1,0.005004840585493355,0.006993960282370102,0.4769280749673917,0.6813258213819882,-0.008975886810227205,0.018985567981213917,693,63,0.3099228812349232
winsorized_outcome_1pct,cstp9_lag1,0.009882160190143735,0.007894795099979911,0.21536987571496585,0.4307397514299317,-0.005899310347530794,0.025663630727818264,693,63,0.3099228812349232
winsorized_outcome_1pct,cstp10_lag1,-0.002023802439135026,0.008120353132180418,0.8040098502184894,0.8783299065949898,-0.018256157058616464,0.014208552180346414,693,63,0.3099228812349232
